{"duration": 540.0032653061224, "sample_rate": 44100, "tempo": 151.99908088235293, "beat_regularity": 0.9326390403578889, "rhythm_pattern": "Complex", "tonality": {"western_tonality": "D Major", "eastern_makam": "Hicaz", "is_western": false, "western_confidence": 0.9138205647468567, "eastern_confidence": 0.9359074831008911}, "timbre": {"brightness": 0.10006427190213994, "richness": 20.55223052934828, "instrument_family": "Percussion", "mfcc_features": [-157.1272735595703, 165.95590209960938, -42.19856643676758, 32.53971862792969, -5.152614116668701, 19.773469924926758, -4.218625545501709, 9.942740440368652, 3.196723222732544, 4.8823652267456055, -1.180296540260315, 2.1535441875457764, 1.891271948814392]}, "frequencies": [403.5726318359375, 3164.23291015625, 3165.079833984375, 3165.445068359375, 3170.854248046875, 3183.219970703125, 796.7238159179688, 3898.202880859375, 3894.145751953125, 935.619140625, 3325.908935546875, 2311.69775390625, 161.90869140625, 469.7716064453125, 432.7995300292969, 1607.4124755859375, 3420.839111328125, 2487.286865234375, 2768.56005859375, 2524.599853515625, 3174.334716796875, 3165.823486328125, 505.06695556640625, 184.60519409179688, 179.7779083251953, 180.30458068847656, 179.31275939941406, 179.94894409179688, 179.94924926757812, 177.6827850341797, 180.39898681640625, 177.2039337158203, 178.39788818359375, 180.55665588378906, 177.759521484375, 178.85494995117188, 196.55923461914062, 199.10202026367188, 157.6285858154297, 141.38870239257812, 179.2782745361328, 1696.474609375, 168.29116821289062, 167.63279724121094, 174.23875427246094, 496.8465881347656, 175.24574279785156, 139.96759033203125, 173.24560546875, 150.255126953125, 172.94842529296875, 155.71795654296875, 173.2234344482422, 156.368408203125, 173.4823455810547, 148.54922485351562, 170.58509826660156, 155.91233825683594, 167.31704711914062, 493.8008728027344, 163.5776824951172, 167.63546752929688, 165.27273559570312, 169.47474670410156, 152.50257873535156, 171.94741821289062, 153.99940490722656, 173.0675506591797, 150.0980224609375, 172.12562561035156, 150.27301025390625, 173.664306640625, 143.51304626464844, 172.86619567871094, 146.11471557617188, 171.08929443359375, 152.962158203125, 170.40895080566406, 161.7126007080078, 166.55331420898438, 164.8330841064453, 164.15304565429688, 168.05523681640625, 493.89093017578125, 170.2670440673828, 140.610107421875, 171.728759765625, 493.4244079589844, 174.35679626464844, 495.8131408691406, 173.5868682861328, 495.35235595703125, 174.06661987304688, 495.24609375, 172.35691833496094, 495.1675720214844, 170.92495727539062, 494.23602294921875, 168.51156616210938, 493.92620849609375], "system": "Do\u011fu"}