{"duration": 261.29414965986393, "sample_rate": 44100, "tempo": 126.04801829268293, "beat_regularity": 0.9768252590548093, "rhythm_pattern": "Complex", "tonality": {"western_tonality": "D Major", "eastern_makam": "Hicaz", "is_western": false, "western_confidence": 0.9210672378540039, "eastern_confidence": 0.9413770437240601}, "timbre": {"brightness": 0.15791933896086663, "richness": 19.456651585916255, "instrument_family": "Percussion", "mfcc_features": [-87.0091781616211, 118.06822204589844, -29.104406356811523, 48.394065856933594, -12.32968521118164, 33.21992492675781, -13.564781188964844, 24.774625778198242, -9.027551651000977, 16.852035522460938, -6.157606601715088, 7.453028678894043, -0.48781317472457886]}, "frequencies": [1378.125, 158.85789489746094, 140.06565856933594, 1217.2427978515625, 718.9345703125, 723.9097900390625, 610.2350463867188, 614.638427734375, 145.977783203125, 156.5926971435547, 3309.4833984375, 294.16400146484375, 429.1820068359375, 293.12017822265625, 172.84642028808594, 172.61260986328125, 603.9470825195312, 584.1366577148438, 707.7245483398438, 2031.9810791015625, 369.378662109375, 366.11553955078125, 372.8310546875, 299.29571533203125, 298.7170715332031, 988.6484375, 985.7451171875, 2912.284423828125, 2909.913818359375, 2433.30517578125, 1914.840087890625, 1919.7105712890625, 955.8080444335938, 165.80026245117188, 147.78887939453125, 496.11163330078125, 159.3995819091797, 183.22061157226562, 185.52073669433594, 140.77386474609375, 148.92437744140625, 495.5045471191406, 228.72621154785156, 214.54483032226562, 215.02308654785156, 146.91099548339844, 207.5673065185547, 218.45616149902344, 208.6629638671875, 216.08871459960938, 211.63369750976562, 211.72744750976562, 214.9818878173828, 209.12661743164062, 215.29429626464844, 210.33038330078125, 210.66761779785156, 208.82334899902344, 211.49766540527344, 207.72499084472656, 210.1509246826172, 209.72671508789062, 212.0292205810547, 209.8021240234375, 211.36880493164062, 209.39840698242188, 210.67152404785156, 209.65113830566406, 211.79702758789062, 209.53610229492188, 211.0751190185547, 209.91783142089844, 210.80519104003906, 210.4002227783203, 210.2454071044922, 210.9449920654297, 208.41419982910156, 213.6830291748047, 159.90081787109375, 161.35482788085938, 162.38330078125, 208.6573486328125, 211.10491943359375, 210.54843139648438, 210.66195678710938, 210.5389404296875, 208.9672393798828, 209.75802612304688, 209.09986877441406, 209.7681884765625, 208.80274963378906, 204.15882873535156, 202.32733154296875, 207.55018615722656, 212.33763122558594, 211.0645294189453, 209.5390167236328, 211.7091522216797, 210.76263427734375, 158.2869415283203], "system": "Do\u011fu"}